product_id,sku,product_name,brand,category_id,supplier_id,unit_price,cost_price,stock_quantity,weight_kg,avg_rating,review_count,is_active,launch_date
317172,TOY317172,Play-Doh Mega Set,KidsCraft,110007,221319,521.5,295.33,294,2.16,3.8,1267,True,2020-11-27
337752,CLO337752,Down Puffer Jacket,StitchHouse,110002,209358,223.69,129.47,587,16.92,4.9,215,True,2021-04-10
357424,ELE357424,USB-C Hub,NovaTech,110001,210328,423.1,187.3,347,17.41,3.9,3283,True,2019-04-06
391521,CLO391521,Fleece Hoodie,StitchHouse,110002,213238,132.99,63.3,349,14.46,4.4,695,True,2020-04-28
363532,HOM363532,Silicone Spatula Set,TableTop,110003,260589,34.6,12.96,453,12.18,3.5,1765,True,2019-12-20
315915,BEA315915,Lip Balm Gift Set,GlowLab,110006,213238,173.52,96.05,498,1.0,3.5,448,False,2021-07-25
303783,BOO303783,Fundamentals of Software Architecture,Pragmatic Bookshelf,110004,207104,459.67,200.8,122,3.6,3.5,1885,True,2022-01-05
382578,CLO382578,Chino Trousers,UrbanThread,110002,204207,264.54,129.08,79,8.64,3.5,3421,True,2022-06-12
379806,ELE379806,LED Monitor 24in,PixelWave,110001,247052,481.78,257.96,370,4.94,4.0,644,True,2021-08-21
331365,BEA331365,Retinol Eye Cream,NaturalBliss,110006,272357,468.57,174.74,116,18.13,3.4,1209,True,2020-03-30
393032,SPO393032,Water Bottle 1L Insulated,ActiveGear,110005,249735,363.42,210.08,77,9.33,3.9,3677,True,2023-10-20
320758,GAR320758,Compost Bin 300L,GardenPro,110010,229871,94.81,35.13,452,11.87,3.4,607,True,2022-11-05
340730,ELE340730,Wireless Headphones,NovaTech,110001,235382,499.85,186.45,92,7.75,4.0,336,True,2023-11-12
372199,BOO372199,Deep Work,Wiley,110004,283320,287.99,113.83,63,19.65,2.7,1413,False,2022-09-22
301792,FOO301792,Spanish Smoked Paprika,FineFoods,110008,283320,367.82,168.89,289,13.61,2.6,2741,True,2019-10-21
372384,AUT372384,Car Air Freshener Pack,CarCare,110009,241347,154.93,93.81,153,13.31,4.8,2541,True,2022-05-02
353476,HOM353476,High-Speed Blender,HomeEssentials,110003,273000,189.19,87.6,336,1.96,4.2,4165,True,2022-01-31
312217,SPO312217,Speed Jump Rope,ActiveGear,110005,205695,208.32,120.79,196,3.18,3.2,828,True,2023-08-05
329451,AUT329451,Car Phone Holder Magnetic,CarCare,110009,210328,526.44,281.86,385,16.64,4.4,1356,True,2019-05-16
314871,TOY314871,Play-Doh Mega Set,FunFactory,110007,225203,581.9,310.26,459,6.26,4.5,3842,True,2020-08-25
360482,BEA360482,Gentle Exfoliating Scrub,DermaCo,110006,284939,279.69,121.53,391,19.33,4.5,1133,True,2019-06-12
315396,FOO315396,Truffle Salt 100g,FineFoods,110008,237930,560.89,316.02,528,1.77,2.9,3680,True,2020-04-02
384896,TOY384896,Wooden Puzzle 1000pcs,FunFactory,110007,234993,490.93,302.11,27,10.09,3.1,668,True,2019-03-29
320181,BEA320181,Hyaluronic Acid Moisturiser,NaturalBliss,110006,232087,475.86,186.19,293,13.95,2.8,3842,True,2019-01-17
365323,CLO365323,Slim Fit Jeans,ClothCraft,110002,237930,133.3,52.63,540,4.83,2.8,1953,True,2022-11-21
393926,CLO393926,Merino Wool Sweater,WearLab,110002,295647,360.05,127.79,527,5.9,2.5,2890,True,2022-07-18
338254,HOM338254,Vacuum Food Storage Set,HomeEssentials,110003,235382,316.46,145.0,538,11.13,3.5,3851,False,2022-04-16
366698,BEA366698,Micellar Cleansing Water 400ml,GlowLab,110006,247052,217.46,80.52,246,15.45,4.3,2723,True,2021-12-30
392459,AUT392459,Seat Back Organiser,AutoPro,110009,205695,499.07,277.19,490,1.36,4.4,3749,False,2020-09-18
335838,ELE335838,Noise-Cancelling Earbuds,PixelWave,110001,289733,532.04,236.59,317,9.52,2.6,1565,True,2019-05-29
354459,BEA354459,Micellar Cleansing Water 400ml,GlowLab,110006,287841,480.6,231.21,409,6.85,3.0,4075,True,2023-06-02
363242,SPO363242,Resistance Bands Set x5,ZenFit,110005,236434,51.95,27.57,184,2.14,3.3,2421,True,2022-08-16
361894,HOM361894,Digital Kitchen Scale,NestWare,110003,279840,214.16,77.68,361,5.56,5.0,469,True,2022-06-16
331946,BEA331946,Deep Conditioning Hair Mask,PureSkin,110006,244118,571.9,224.66,448,4.8,4.1,2966,True,2023-10-29
359871,ELE359871,Portable Charger 20000mAh,PixelWave,110001,213396,409.03,259.59,380,11.52,3.8,3260,True,2021-05-15
372255,BOO372255,Designing Data-Intensive Applications,O Reilly,110004,279131,442.72,221.23,396,5.31,3.2,3655,True,2021-06-06
318958,FOO318958,Italian Extra Virgin Olive Oil 750ml,TasteFirst,110008,283227,85.75,31.92,176,19.95,4.5,2618,True,2019-07-21
350277,AUT350277,Windshield Sun Shade,CarCare,110009,283886,535.33,324.09,178,4.56,5.0,1137,True,2023-03-15
324983,ELE324983,LED Monitor 24in,VoltEdge,110001,249797,345.5,169.37,564,1.41,3.5,3921,True,2022-06-26
378561,GAR378561,Telescopic Garden Hose 30m,EarthCraft,110010,290198,583.56,316.7,460,6.96,4.7,1490,True,2020-02-05
366616,TOY366616,Chess and Checkers Set,PlayWorld,110007,236434,499.67,252.55,311,18.7,3.1,2326,True,2021-02-17
397818,BOO397818,The Mom Test,Wiley,110004,216361,168.29,90.46,546,11.88,4.0,1402,True,2021-11-14
317892,GAR317892,Stainless Steel Trowel Set,GreenThumb,110010,282397,53.32,33.83,590,15.36,3.5,248,True,2023-08-23
309150,SPO309150,Running Belt Waterproof,ZenFit,110005,213396,150.69,89.24,415,13.8,2.9,3404,True,2020-09-25
336208,BEA336208,Gentle Exfoliating Scrub,PureSkin,110006,234671,190.98,108.0,353,15.24,3.8,869,True,2022-12-20
354387,CLO354387,Organic Cotton T-Shirt,WearLab,110002,227653,152.5,57.8,297,8.42,4.9,1308,True,2023-11-30
344548,BEA344548,Retinol Eye Cream,PureSkin,110006,249735,301.46,152.06,510,0.56,4.9,4140,True,2021-01-17
366550,BOO366550,Domain-Driven Design,Manning,110004,220926,33.94,14.74,481,16.96,3.6,2166,True,2022-06-06
335018,BEA335018,Vitamin C Serum,DermaCo,110006,213396,35.43,18.37,371,7.79,3.6,2291,True,2020-01-05
300336,HOM300336,Bamboo Cutting Board,NestWare,110003,295647,227.04,146.68,571,4.06,3.8,4096,False,2019-05-01
337072,HOM337072,Digital Kitchen Scale,KitchenArt,110003,283886,483.35,244.48,152,2.88,4.8,2609,True,2021-07-18
395164,GAR395164,Compost Bin 300L,SoilSmart,110010,291506,497.82,253.74,576,7.43,4.2,3412,True,2019-03-24
339132,GAR339132,Lawn Edger Manual,GardenPro,110010,220379,580.4,339.46,592,11.71,2.9,3114,True,2021-01-22
376931,ELE376931,Portable Charger 20000mAh,TechCore,110001,282397,118.51,57.16,428,8.27,4.4,3863,True,2019-07-13
376011,HOM376011,Rotating Spice Rack,CookPro,110003,249823,338.72,219.98,489,19.14,3.6,2804,True,2021-04-01
386499,GAR386499,Lawn Edger Manual,EarthCraft,110010,230512,574.61,249.21,305,15.45,4.3,4005,True,2021-12-19
364178,AUT364178,Jump Starter Compact,CarCare,110009,234993,77.51,42.86,388,16.39,4.9,1199,True,2021-06-12
319476,CLO319476,Down Puffer Jacket,WearLab,110002,228785,395.29,226.98,219,5.5,3.9,2225,True,2023-12-29
358529,BOO358529,SQL Performance Explained,O Reilly,110004,289593,403.54,205.53,238,6.67,3.7,1126,False,2023-09-06
370592,HOM370592,Adjustable Dish Rack,NestWare,110003,228221,289.07,118.47,294,18.17,2.7,1902,True,2019-04-26
363483,HOM363483,Adjustable Dish Rack,CookPro,110003,210328,560.67,202.35,406,18.74,4.9,2371,True,2019-01-29
345236,SPO345236,Foldable Treadmill,CoreMax,110005,289733,68.83,44.39,291,10.53,4.7,1099,True,2022-12-25
343573,SPO343573,Water Bottle 1L Insulated,FitForce,110005,220926,201.75,114.86,263,14.76,4.5,1582,True,2022-06-13
372340,TOY372340,Chess and Checkers Set,ToyZone,110007,221417,56.6,31.17,189,6.54,3.1,2136,True,2022-10-19
399991,SPO399991,High-Density Foam Roller,PulseSport,110005,225203,351.55,183.46,267,1.34,2.8,2513,True,2023-04-11
371228,SPO371228,Resistance Bands Set x5,PulseSport,110005,270010,223.68,93.11,136,14.98,4.0,3406,True,2023-01-02
349441,AUT349441,Dashboard Camera 1080p,AutoPro,110009,273000,409.79,216.67,83,14.1,2.7,919,True,2023-08-29
359682,AUT359682,Dashboard Camera 1080p,SpeedFit,110009,282397,324.3,129.51,532,14.37,3.7,4180,True,2019-06-22
342176,FOO342176,Dark Chocolate Selection,FineFoods,110008,213238,252.17,130.92,572,14.49,3.5,24,True,2023-12-02
324727,CLO324727,Slim Fit Jeans,WearLab,110002,244118,209.98,77.51,61,19.72,3.7,2351,True,2020-02-25
391422,TOY391422,Play-Doh Mega Set,KidsCraft,110007,289733,271.87,169.96,386,2.75,4.7,971,True,2023-07-28
331300,TOY331300,Chess and Checkers Set,FunFactory,110007,230512,438.07,182.59,3,9.31,4.3,3474,True,2020-12-14
374946,BOO374946,Thinking Fast and Slow,Manning,110004,284939,97.29,39.55,115,12.34,4.8,128,True,2019-07-29
350196,CLO350196,Waterproof Hiking Boots,UrbanThread,110002,236421,270.62,149.28,49,8.11,3.1,1779,True,2019-06-25
330613,HOM330613,Rotating Spice Rack,KitchenArt,110003,235093,144.32,90.19,589,15.47,4.5,1940,True,2020-03-21
353841,AUT353841,Dashboard Camera 1080p,RoadMate,110009,209358,183.79,67.69,179,11.16,2.6,2821,True,2022-03-30
305720,AUT305720,Seat Back Organiser,RoadMate,110009,232087,247.9,109.07,188,4.9,3.1,1182,True,2019-06-29
341704,AUT341704,Car Air Freshener Pack,RoadMate,110009,259429,336.58,131.34,248,12.97,4.8,3039,True,2020-08-14
397609,ELE397609,Webcam HD 1080p,CircuitBay,110001,252581,405.82,215.44,74,14.51,3.9,3927,True,2021-10-31
361993,SPO361993,Yoga Mat 6mm,ActiveGear,110005,221417,562.6,359.29,120,18.3,4.2,1675,True,2021-01-13
392435,AUT392435,Seat Back Organiser,CarCare,110009,248520,231.48,118.08,367,10.31,3.7,807,True,2022-12-29
349968,BEA349968,Retinol Eye Cream,NaturalBliss,110006,291506,191.18,69.53,226,5.29,4.8,3420,True,2020-09-01
350604,BEA350604,Retinol Eye Cream,DermaCo,110006,283320,344.01,145.76,563,5.22,4.6,4018,True,2021-12-30
386991,HOM386991,Cast Iron Skillet 26cm,TableTop,110003,228221,295.54,184.73,555,10.53,4.6,608,True,2019-05-31
385461,ELE385461,External SSD 1TB,PixelWave,110001,267952,506.3,212.36,154,9.17,2.7,3958,True,2019-02-18
319936,ELE319936,Laptop Stand Aluminium,VoltEdge,110001,237930,249.74,88.66,281,0.44,4.5,3527,True,2020-07-10
364923,CLO364923,Canvas Sneakers,UrbanThread,110002,221319,317.0,133.87,539,5.42,3.5,3056,True,2022-11-27
304852,GAR304852,Raised Garden Bed Kit,EarthCraft,110010,244597,183.47,109.79,82,1.96,3.4,3899,True,2019-01-30
316547,HOM316547,Bamboo Cutting Board,NestWare,110003,212676,507.96,276.06,339,17.91,4.8,1882,True,2023-10-27
365836,FOO365836,Raw Honey 500g,TasteFirst,110008,230021,554.86,308.13,287,13.2,2.9,2576,False,2020-10-05
377356,GAR377356,Kneeling Pad Garden,NatureWorks,110010,287841,557.67,245.25,577,13.57,3.9,3144,True,2020-03-10
343515,CLO343515,Classic Polo Shirt,ClothCraft,110002,227653,36.94,17.77,77,19.1,3.5,2673,False,2021-04-29
313154,FOO313154,Dried Mixed Nuts 500g,GourmetHub,110008,241347,216.7,137.03,442,13.25,2.7,2419,True,2019-08-17
357711,CLO357711,Organic Cotton T-Shirt,NordStyle,110002,249823,231.09,135.23,157,7.28,2.7,2525,True,2021-04-18
313069,CLO313069,Leather Belt,UrbanThread,110002,247052,116.49,56.46,568,0.62,3.4,762,True,2021-10-04
368937,TOY368937,LEGO City Police Station,ToyZone,110007,292349,251.21,146.64,572,11.48,2.9,3118,True,2021-04-15
359890,SPO359890,Running Belt Waterproof,ZenFit,110005,221417,91.82,36.74,282,15.68,3.4,2020,True,2023-03-21
302011,GAR302011,Seed Starter Tray Kit,EarthCraft,110010,259429,277.42,108.37,6,16.85,3.4,2699,True,2022-08-30
394692,GAR394692,Kneeling Pad Garden,GardenPro,110010,249615,195.79,124.17,205,19.3,4.9,2387,True,2023-03-06
318894,GAR318894,Raised Garden Bed Kit,GardenPro,110010,230021,228.74,136.09,402,4.08,5.0,1473,True,2023-09-06
353736,ELE353736,Wireless Mouse,CircuitBay,110001,244118,566.06,233.72,298,16.4,4.5,3351,True,2020-03-08
385823,SPO385823,Water Bottle 1L Insulated,PulseSport,110005,235093,396.89,224.07,386,9.64,3.5,4150,True,2022-07-23
320232,AUT320232,Car Phone Holder Magnetic,CarCare,110009,292349,422.46,250.81,87,13.19,3.4,362,True,2022-05-26
309807,BEA309807,Lip Balm Gift Set,GlowLab,110006,207331,11.27,4.82,522,11.65,3.9,3651,True,2022-12-09
361537,GAR361537,Watering Can 8L,EarthCraft,110010,212156,210.25,75.14,107,2.41,4.9,1160,True,2021-12-01
334737,FOO334737,Italian Extra Virgin Olive Oil 750ml,FineFoods,110008,222431,292.33,144.07,448,6.45,3.3,942,False,2021-12-01
344375,CLO344375,Denim Shorts,NordStyle,110002,270284,558.29,319.42,528,6.69,3.6,3785,True,2022-06-12
381691,HOM381691,Cast Iron Skillet 26cm,NestWare,110003,209358,240.36,137.3,202,7.84,4.3,1685,True,2019-07-14
390794,GAR390794,Telescopic Garden Hose 30m,SoilSmart,110010,260589,116.23,52.05,468,10.6,4.1,3183,True,2023-12-29
352098,CLO352098,Down Puffer Jacket,ClothCraft,110002,252581,508.07,271.92,304,1.79,2.8,965,True,2019-12-30
385175,HOM385175,Non-Stick Frying Pan,CookPro,110003,209358,308.93,146.89,141,3.8,4.1,1419,True,2023-03-02
310527,SPO310527,Speed Jump Rope,ActiveGear,110005,220926,192.17,93.26,54,9.74,3.0,3145,True,2023-04-20
343065,FOO343065,Premium Basmati Rice 2kg,OrganicPure,110008,230021,252.29,151.87,500,0.71,4.4,2392,False,2020-11-29
388389,AUT388389,Jump Starter Compact,AutoPro,110009,245082,469.53,244.01,507,11.5,3.2,3005,True,2019-05-10
369942,FOO369942,Spanish Smoked Paprika,GourmetHub,110008,244597,593.91,226.12,253,9.05,3.4,712,True,2019-12-31
349808,BOO349808,SQL Performance Explained,Wiley,110004,205695,415.02,252.46,438,15.72,4.5,486,True,2023-07-12
341505,SPO341505,Foldable Treadmill,CoreMax,110005,286673,105.17,67.7,299,19.05,3.8,780,True,2022-07-02
382155,ELE382155,Webcam HD 1080p,PixelWave,110001,292349,422.34,164.63,149,15.25,4.2,4009,True,2021-04-14
394203,TOY394203,Nerf Elite Blaster,KidsCraft,110007,229871,49.92,29.37,95,13.92,4.7,3724,True,2021-10-13
399536,GAR399536,Stainless Steel Trowel Set,GreenThumb,110010,228785,439.89,214.46,366,8.01,4.9,1735,True,2021-09-30
363956,SPO363956,High-Density Foam Roller,CoreMax,110005,220379,348.86,181.35,496,1.01,4.1,3764,False,2020-05-05
370912,FOO370912,Dried Mixed Nuts 500g,TasteFirst,110008,230512,595.13,284.67,135,3.26,4.8,2244,True,2022-01-24
304705,SPO304705,Resistance Bands Set x5,PulseSport,110005,213238,400.37,218.07,53,14.55,4.4,3516,True,2019-10-23
380931,ELE380931,Mechanical Keyboard,CircuitBay,110001,220926,51.36,27.12,531,0.26,3.4,987,True,2022-08-05
308968,HOM308968,Large Salad Bowl,HomeEssentials,110003,246566,141.21,53.21,104,17.63,2.8,1090,True,2020-03-19
330771,CLO330771,Classic Polo Shirt,StitchHouse,110002,281070,10.03,5.47,450,12.6,2.9,3372,True,2022-10-06
382727,BOO382727,Designing Data-Intensive Applications,O Reilly,110004,209358,88.3,34.17,393,6.36,2.8,2268,True,2021-02-10
389705,AUT389705,Emergency Roadside Kit,SpeedFit,110009,230512,434.09,189.04,27,4.19,4.0,1545,True,2021-07-07
337667,ELE337667,Noise-Cancelling Earbuds,PixelWave,110001,213396,299.45,114.94,511,10.61,4.9,2958,True,2020-02-15
329817,TOY329817,Drawing Tablet for Kids,KidsCraft,110007,213396,222.41,123.41,482,0.43,2.7,2147,True,2019-07-07
397880,TOY397880,Chess and Checkers Set,ToyZone,110007,291988,378.99,189.61,425,1.74,3.8,1250,True,2021-08-20
311846,CLO311846,Classic Polo Shirt,NordStyle,110002,244118,584.71,231.9,334,6.27,3.6,1954,True,2019-09-25
356881,TOY356881,Wooden Puzzle 1000pcs,KidsCraft,110007,205695,369.31,135.36,179,14.06,2.9,2840,True,2021-03-16
312903,HOM312903,Non-Stick Frying Pan,CookPro,110003,255392,451.11,276.1,120,6.77,3.6,523,True,2023-11-27
399663,CLO399663,Silk Scarf,WearLab,110002,270284,308.91,113.26,580,5.18,2.8,944,True,2023-04-30
383066,ELE383066,Wireless Headphones,TechCore,110001,249615,150.5,73.98,392,18.63,4.6,3435,True,2021-02-10
392260,TOY392260,Play-Doh Mega Set,ToyZone,110007,220379,496.46,258.88,122,3.67,4.5,376,True,2019-08-03
313173,FOO313173,Raw Honey 500g,NaturEats,110008,210458,199.73,103.05,8,11.32,3.3,1987,True,2023-03-13
358153,BOO358153,Zero to One,Wiley,110004,255392,457.48,193.76,6,4.74,3.4,78,True,2019-01-05
321805,TOY321805,Rubiks Cube 3x3,PlayWorld,110007,228221,127.08,81.96,429,19.45,2.9,2292,True,2020-12-20
390964,AUT390964,Car Air Freshener Pack,CarCare,110009,205695,277.77,159.54,594,12.78,3.5,510,True,2020-02-11
339251,BOO339251,Python Crash Course,Manning,110004,236434,511.28,320.99,402,6.43,3.2,611,True,2020-02-27
303794,GAR303794,Telescopic Garden Hose 30m,EarthCraft,110010,228785,67.86,32.9,321,7.23,4.4,3702,True,2021-04-03
306028,CLO306028,Merino Wool Sweater,NordStyle,110002,236434,485.51,214.24,41,3.05,4.3,2914,True,2019-06-02
342516,SPO342516,Running Belt Waterproof,ActiveGear,110005,242504,23.48,11.07,463,5.07,3.7,1145,True,2019-07-11
307355,BOO307355,The Pragmatic Programmer,Pragmatic Bookshelf,110004,206006,495.08,228.56,86,18.36,2.7,528,True,2022-10-09
338452,HOM338452,Bamboo Cutting Board,KitchenArt,110003,204207,77.89,49.28,51,8.72,4.3,4064,False,2022-08-18
346984,HOM346984,Non-Stick Frying Pan,CookPro,110003,244597,545.43,235.9,456,12.32,4.0,2417,True,2023-09-07
349131,FOO349131,Organic Arabica Coffee 500g,TasteFirst,110008,273000,171.46,67.07,204,5.06,5.0,159,True,2022-01-20
356450,FOO356450,Spanish Smoked Paprika,OrganicPure,110008,210328,209.69,108.97,329,0.62,4.0,240,True,2021-05-22
319080,ELE319080,Noise-Cancelling Earbuds,CircuitBay,110001,212676,320.0,185.62,238,5.03,3.1,458,True,2020-11-12
332007,GAR332007,Garden Gloves Waterproof,GardenPro,110010,252581,561.44,363.51,177,6.43,4.3,2939,True,2019-03-29
369621,BEA369621,Gentle Exfoliating Scrub,BeautyHaven,110006,249615,89.54,56.81,504,9.86,2.7,1905,True,2019-03-03
354008,AUT354008,OBD2 Scanner Bluetooth,DriveEasy,110009,249615,202.37,108.11,133,18.38,4.6,2650,True,2020-04-03
374177,GAR374177,Kneeling Pad Garden,GreenThumb,110010,234993,508.65,309.36,74,11.76,3.3,2642,True,2020-05-04
389364,TOY389364,Scrabble Deluxe,ToyZone,110007,252581,108.64,69.6,365,16.31,3.4,2412,True,2019-01-06
323600,GAR323600,Garden Gloves Waterproof,SoilSmart,110010,247052,24.26,12.88,226,18.74,2.9,637,True,2021-09-19
322280,HOM322280,Vacuum Food Storage Set,HomeEssentials,110003,206006,493.88,272.13,343,4.27,4.2,2871,True,2019-12-02
322946,ELE322946,Wireless Headphones,CircuitBay,110001,249735,265.73,126.46,170,17.65,3.4,3074,True,2023-01-29
310350,GAR310350,Raised Garden Bed Kit,EarthCraft,110010,249823,273.51,161.3,34,5.3,2.8,2800,True,2022-03-12
379887,HOM379887,Digital Kitchen Scale,HomeEssentials,110003,227653,330.48,204.71,95,17.88,4.3,3533,True,2020-05-27
350140,GAR350140,Garden Gloves Waterproof,EarthCraft,110010,242504,36.86,16.56,194,14.47,4.3,2173,True,2021-07-12
381226,BOO381226,Designing Data-Intensive Applications,O Reilly,110004,248520,238.77,122.94,502,0.18,2.7,3934,True,2019-03-21
389539,BOO389539,The Pragmatic Programmer,Manning,110004,234993,586.34,288.52,118,9.47,4.7,2170,True,2023-08-18
331566,TOY331566,RC Racing Car,ToyZone,110007,283227,531.86,245.09,456,9.35,3.1,2200,True,2020-04-14
365230,CLO365230,Merino Wool Sweater,ClothCraft,110002,287841,485.86,230.39,232,16.39,3.5,3889,True,2021-01-02
376435,FOO376435,Raw Honey 500g,TasteFirst,110008,290198,239.9,145.42,35,16.03,4.2,1207,True,2022-10-27
318758,HOM318758,Cast Iron Skillet 26cm,CookPro,110003,279840,486.02,188.51,433,4.12,4.6,1211,True,2021-03-12
330433,BEA330433,Hyaluronic Acid Moisturiser,GlowLab,110006,290198,235.91,110.69,333,9.22,4.7,3437,True,2020-04-09
360443,HOM360443,High-Speed Blender,TableTop,110003,230021,351.68,224.88,102,15.61,4.5,2816,True,2021-03-31
383611,TOY383611,Scrabble Deluxe,JoyBrand,110007,274341,367.32,132.69,282,12.21,4.2,317,True,2021-10-26
333289,BOO333289,Clean Code,Pearson,110004,230512,552.89,342.3,20,6.29,4.6,804,True,2020-12-09
360236,HOM360236,Ceramic Mug Set x4,NestWare,110003,249797,465.54,207.75,426,3.84,3.0,3335,True,2023-05-24
333466,BEA333466,Vitamin C Serum,BeautyHaven,110006,273000,475.93,175.94,518,17.6,2.6,1579,True,2020-09-15
387404,ELE387404,Mechanical Keyboard,TechCore,110001,295568,276.58,172.98,203,10.15,4.1,1014,True,2021-01-21
301231,BEA301231,Rose Water Toner,BeautyHaven,110006,247819,270.42,172.57,485,6.95,4.6,2118,True,2019-10-08
360981,SPO360981,Yoga Mat 6mm,ZenFit,110005,247400,34.53,20.93,219,13.59,3.2,3354,True,2019-01-28
337700,FOO337700,Dark Chocolate Selection,GourmetHub,110008,213238,362.67,127.86,258,14.28,4.3,2255,True,2022-03-15
388815,BEA388815,Rose Water Toner,NaturalBliss,110006,234993,134.82,59.41,533,11.73,2.5,3065,True,2021-05-28
371643,SPO371643,Resistance Bands Set x5,ZenFit,110005,206006,42.97,27.78,332,13.16,4.9,2447,True,2023-05-27
320706,BOO320706,Staff Engineer,O Reilly,110004,205695,484.22,286.03,413,14.45,4.1,2421,True,2022-07-24
309681,TOY309681,Nerf Elite Blaster,PlayWorld,110007,247400,351.89,228.17,194,13.76,4.1,3897,True,2022-01-18
357898,AUT357898,Jump Starter Compact,AutoPro,110009,232087,505.17,309.64,185,2.65,3.1,1499,True,2021-11-08
345293,CLO345293,Trail Running Shoes,ClothCraft,110002,259429,137.87,84.3,430,7.5,4.0,3799,True,2023-01-01
377014,ELE377014,RGB Desk Lamp,VoltEdge,110001,235382,350.28,187.82,483,2.48,4.2,2444,True,2020-04-13
339210,HOM339210,Electric Kettle 1.7L,KitchenArt,110003,210328,248.46,129.4,468,15.6,3.7,1448,True,2019-06-30
383746,ELE383746,Smart Watch Series 5,NovaTech,110001,260589,129.57,75.42,590,15.73,4.4,1060,True,2022-08-27
355615,TOY355615,Nerf Elite Blaster,KidsCraft,110007,220926,233.06,84.21,204,17.85,4.4,1561,False,2019-01-13
390480,BOO390480,SQL Performance Explained,Manning,110004,216361,190.68,72.61,515,1.4,2.6,2382,True,2023-06-05
332780,GAR332780,Watering Can 8L,GardenPro,110010,260589,263.02,146.25,137,7.25,3.0,3304,False,2020-11-27
359878,HOM359878,Electric Kettle 1.7L,HomeEssentials,110003,244597,355.86,142.59,375,7.57,4.1,398,True,2019-05-30
339599,CLO339599,Denim Shorts,UrbanThread,110002,242504,33.69,12.96,454,5.13,4.3,1683,True,2019-01-29
326111,SPO326111,Doorframe Pull-Up Bar,FitForce,110005,247052,399.17,172.04,140,10.28,4.0,2315,True,2019-11-27
350422,FOO350422,Italian Extra Virgin Olive Oil 750ml,FineFoods,110008,221319,123.84,53.11,535,14.1,3.2,322,True,2020-10-07
363335,FOO363335,Truffle Salt 100g,GourmetHub,110008,249735,6.62,3.65,113,3.07,2.7,4191,True,2019-11-11
313979,SPO313979,Water Bottle 1L Insulated,ZenFit,110005,249615,593.25,260.32,475,17.5,4.6,2950,True,2021-08-29
331091,TOY331091,Wooden Puzzle 1000pcs,PlayWorld,110007,216361,511.48,315.63,9,6.64,4.7,2197,True,2019-10-16
349986,BEA349986,SPF 50 Sunscreen,PureSkin,110006,287841,72.72,34.18,467,13.83,3.7,3454,True,2020-06-02
374963,CLO374963,Leather Belt,UrbanThread,110002,252581,589.02,355.36,106,9.71,3.9,3589,True,2022-03-25
347049,BEA347049,Gentle Exfoliating Scrub,GlowLab,110006,260589,518.22,318.18,133,2.35,3.5,376,True,2021-09-03
375341,ELE375341,Wireless Mouse,VoltEdge,110001,283320,461.67,241.45,578,10.43,4.2,780,True,2021-02-11
338780,FOO338780,Truffle Salt 100g,OrganicPure,110008,286200,93.44,55.87,55,10.16,3.7,4061,True,2019-08-21
391655,FOO391655,Truffle Salt 100g,GourmetHub,110008,227460,201.87,87.5,519,8.13,3.1,3760,True,2023-11-16
338696,FOO338696,Assorted Herbal Tea Box,OrganicPure,110008,291506,271.0,104.5,509,2.14,3.5,1,True,2021-08-04
302875,AUT302875,Windshield Sun Shade,AutoPro,110009,220379,394.47,192.05,349,16.35,4.6,2719,True,2023-01-09
386275,BEA386275,Rose Water Toner,GlowLab,110006,210458,62.97,34.49,2,11.0,3.4,870,False,2020-05-25
351879,FOO351879,Dark Chocolate Selection,OrganicPure,110008,234993,68.63,36.6,192,4.39,4.6,1561,True,2019-12-01
335976,TOY335976,LEGO City Police Station,JoyBrand,110007,235382,78.31,48.36,468,2.78,3.7,397,True,2022-09-06
301061,GAR301061,Lawn Edger Manual,SoilSmart,110010,234671,469.73,292.67,592,2.16,4.1,2636,True,2022-04-10
389889,TOY389889,Drawing Tablet for Kids,FunFactory,110007,205695,167.78,107.22,301,2.85,4.0,4196,True,2023-08-29
397605,BEA397605,Deep Conditioning Hair Mask,PureSkin,110006,234671,124.52,66.9,297,19.63,4.1,1456,True,2021-09-28
306428,CLO306428,Compression Socks,ClothCraft,110002,228785,339.55,178.21,427,5.79,4.6,104,True,2019-03-20
379482,TOY379482,RC Racing Car,PlayWorld,110007,209116,403.79,165.54,164,3.01,2.7,2417,True,2023-08-09
397671,ELE397671,LED Monitor 24in,CircuitBay,110001,207331,65.97,40.27,575,7.84,3.8,2356,True,2019-05-26
365107,TOY365107,Nerf Elite Blaster,KidsCraft,110007,220379,574.23,369.08,320,0.36,3.1,3629,True,2022-02-16
337512,GAR337512,Watering Can 8L,SoilSmart,110010,249615,121.89,69.17,198,19.67,2.7,1423,True,2020-01-06
330162,TOY330162,LEGO City Police Station,KidsCraft,110007,209116,171.06,73.43,164,0.21,3.7,1268,False,2021-09-29
379569,GAR379569,Stainless Steel Trowel Set,SoilSmart,110010,213396,506.66,223.11,586,15.7,3.3,1801,True,2023-06-06
346179,CLO346179,Compression Socks,StitchHouse,110002,247400,99.82,51.2,413,17.68,4.2,2712,True,2020-11-09
328705,GAR328705,Watering Can 8L,NatureWorks,110010,247819,597.99,357.06,9,8.97,4.8,1997,True,2021-09-24
383442,TOY383442,Wooden Puzzle 1000pcs,KidsCraft,110007,246566,157.66,89.42,25,10.33,3.8,3987,False,2020-08-21
324920,BEA324920,Deep Conditioning Hair Mask,GlowLab,110006,244118,569.18,227.8,550,4.29,4.1,1746,True,2022-08-10
381381,CLO381381,Trail Running Shoes,StitchHouse,110002,213396,498.1,305.63,445,14.96,2.9,3761,True,2019-04-28
332850,CLO332850,Merino Wool Sweater,UrbanThread,110002,275674,110.9,47.2,72,18.23,3.5,3695,True,2022-09-07
388835,BEA388835,Vitamin C Serum,DermaCo,110006,241347,405.6,207.04,64,1.01,4.6,2930,True,2019-11-26
399035,SPO399035,Running Belt Waterproof,CoreMax,110005,255392,56.46,32.72,448,9.53,3.8,1117,True,2023-08-23
394493,SPO394493,Speed Jump Rope,PulseSport,110005,220926,407.98,254.68,382,11.12,3.9,1009,False,2023-11-15
386400,GAR386400,Garden Gloves Waterproof,SoilSmart,110010,247819,330.77,124.22,215,4.31,4.8,4198,True,2020-07-25
389241,BOO389241,Domain-Driven Design,Manning,110004,242504,120.61,48.78,580,9.28,3.9,2381,True,2021-02-17
317927,CLO317927,Trail Running Shoes,StitchHouse,110002,225203,294.87,132.47,131,2.09,4.0,1585,True,2022-11-01
382345,BEA382345,Gentle Exfoliating Scrub,NaturalBliss,110006,249823,417.6,165.25,580,19.18,2.9,2565,True,2020-11-19
312735,TOY312735,Rubiks Cube 3x3,ToyZone,110007,221319,84.9,48.38,491,15.52,3.7,891,True,2019-09-12
382242,SPO382242,Speed Jump Rope,CoreMax,110005,291506,121.87,69.47,78,17.01,4.1,3318,True,2020-10-23
384717,ELE384717,Laptop Stand Aluminium,NovaTech,110001,260217,328.35,213.3,483,7.38,3.1,2383,True,2023-04-06
305167,AUT305167,Tyre Pressure Gauge Digital,RoadMate,110009,227653,221.49,78.23,244,13.71,4.4,1149,True,2020-07-10
340492,GAR340492,Seed Starter Tray Kit,EarthCraft,110010,260589,442.86,219.24,367,4.71,3.2,1917,False,2020-10-04
357779,AUT357779,Seat Back Organiser,RoadMate,110009,236434,284.45,138.35,47,2.15,4.9,2240,True,2021-03-29
304373,GAR304373,Watering Can 8L,SoilSmart,110010,213396,108.43,59.21,374,10.38,3.4,1825,True,2022-01-01
375965,BEA375965,Rose Water Toner,DermaCo,110006,275674,532.86,187.56,142,1.63,4.1,1732,True,2020-05-03
347823,BEA347823,Gentle Exfoliating Scrub,GlowLab,110006,221417,398.35,188.97,338,13.54,3.7,1320,True,2022-06-30
395991,ELE395991,Mechanical Keyboard,TechCore,110001,236421,81.08,42.79,137,17.83,2.9,1362,True,2020-07-13
317224,AUT317224,Car Air Freshener Pack,SpeedFit,110009,281070,581.69,314.86,290,9.04,5.0,3945,True,2022-06-30
311813,GAR311813,Kneeling Pad Garden,SoilSmart,110010,283320,493.16,199.52,523,18.45,4.0,563,True,2022-04-12
338680,HOM338680,Bamboo Cutting Board,HomeEssentials,110003,260217,125.39,76.22,516,12.15,2.9,319,True,2023-07-10
342823,AUT342823,Tyre Pressure Gauge Digital,DriveEasy,110009,279840,291.92,113.59,552,10.49,3.4,355,True,2022-08-25
397973,BOO397973,Fundamentals of Software Architecture,Pearson,110004,205695,474.78,220.47,589,5.16,4.4,686,True,2023-08-17
354460,TOY354460,Rubiks Cube 3x3,FunFactory,110007,279131,8.24,4.72,7,10.44,3.4,1682,True,2021-09-08
323021,TOY323021,Play-Doh Mega Set,PlayWorld,110007,228785,97.08,52.95,259,8.53,3.4,2257,True,2022-05-19
326318,BOO326318,Atomic Habits,Wiley,110004,221417,471.34,233.19,379,5.15,3.3,2820,True,2022-05-21
317322,HOM317322,Bread Box Stainless,HomeEssentials,110003,283886,449.94,217.76,165,8.07,3.3,426,True,2019-01-17
370701,CLO370701,Linen Shirt,NordStyle,110002,247400,285.63,151.4,90,7.48,4.0,3148,True,2022-05-29
347953,GAR347953,Watering Can 8L,GardenPro,110010,283227,428.4,226.73,179,0.31,4.6,2342,True,2023-05-06
369579,AUT369579,Dashboard Camera 1080p,SpeedFit,110009,270284,105.83,38.19,244,1.83,3.2,3272,True,2022-05-12
365771,TOY365771,Drawing Tablet for Kids,FunFactory,110007,242504,313.05,178.78,70,5.76,4.6,2851,True,2021-05-09
335720,BOO335720,Domain-Driven Design,Pragmatic Bookshelf,110004,289593,275.57,129.84,4,10.17,3.9,4121,True,2019-12-30
321567,AUT321567,Jump Starter Compact,SpeedFit,110009,230021,488.81,255.39,453,9.72,3.1,2782,True,2022-11-26
333681,FOO333681,Artisan Pasta Selection,TasteFirst,110008,247400,291.76,124.68,391,13.57,3.1,2586,True,2022-01-02
363156,AUT363156,Windshield Sun Shade,DriveEasy,110009,283320,421.98,181.03,294,1.61,4.8,3903,True,2020-11-10
338684,GAR338684,Pruning Shears Bypass,EarthCraft,110010,238427,568.53,315.5,194,4.77,3.1,2174,True,2020-09-21
397853,BOO397853,Database Internals,Wiley,110004,249735,216.83,126.56,122,12.32,4.4,346,True,2022-02-27
344396,GAR344396,Compost Bin 300L,NatureWorks,110010,260589,539.37,331.33,588,3.74,4.4,4187,True,2020-11-21
315095,GAR315095,Kneeling Pad Garden,GreenThumb,110010,247819,317.8,151.58,553,7.93,4.2,1431,True,2020-01-09
361385,AUT361385,OBD2 Scanner Bluetooth,CarCare,110009,212676,415.07,146.75,215,6.58,4.0,2127,True,2021-03-27
309869,BOO309869,Python Crash Course,Pearson,110004,282397,575.31,260.57,188,8.44,4.4,2990,True,2021-05-18
318449,FOO318449,Dark Chocolate Selection,FineFoods,110008,286673,83.02,43.4,234,16.1,3.9,3120,True,2020-04-09
398848,FOO398848,Organic Arabica Coffee 500g,GourmetHub,110008,249823,255.79,99.85,529,15.73,3.3,390,True,2020-05-22
329571,ELE329571,Mechanical Keyboard,NovaTech,110001,206006,288.53,155.51,460,7.28,3.9,2111,True,2022-07-03
388647,CLO388647,Down Puffer Jacket,StitchHouse,110002,237930,123.37,64.49,551,7.17,4.2,3993,True,2022-10-20
394924,CLO394924,Chino Trousers,StitchHouse,110002,283320,175.47,94.67,148,8.49,4.0,3315,True,2019-08-10
388395,CLO388395,Leather Belt,ClothCraft,110002,208675,140.78,62.66,298,12.93,3.2,3644,True,2022-02-02
352089,GAR352089,Watering Can 8L,NatureWorks,110010,225203,251.31,101.82,23,13.27,4.9,655,True,2022-05-18
373048,CLO373048,Merino Wool Sweater,UrbanThread,110002,234993,562.38,276.67,55,10.53,5.0,851,True,2020-04-27
347942,CLO347942,Denim Shorts,WearLab,110002,234671,189.07,80.21,290,2.71,4.6,234,False,2022-01-13
311836,BEA311836,Rose Water Toner,DermaCo,110006,205695,585.1,299.67,278,19.39,4.2,1450,True,2022-11-19
351717,GAR351717,Garden Gloves Waterproof,SoilSmart,110010,275674,385.66,196.74,355,16.11,3.6,2996,True,2020-04-28
301824,SPO301824,Yoga Mat 6mm,FitForce,110005,232087,316.36,182.69,139,10.75,4.2,4029,True,2023-01-22
334663,SPO334663,Yoga Mat 6mm,ZenFit,110005,272357,479.78,253.85,7,8.29,3.9,3233,True,2022-04-25
370329,TOY370329,Monopoly Classic,ToyZone,110007,227653,52.12,28.02,529,16.17,4.2,2332,True,2023-07-11
316199,SPO316199,Doorframe Pull-Up Bar,ActiveGear,110005,270010,512.81,207.55,296,12.39,3.2,4030,True,2019-03-02
359609,HOM359609,French Press 1L,TableTop,110003,283227,18.16,11.65,288,14.57,3.1,1234,False,2020-11-05
348311,BEA348311,Lip Balm Gift Set,NaturalBliss,110006,244597,472.5,236.02,380,6.67,4.6,1196,True,2022-05-04
388188,CLO388188,Classic Polo Shirt,WearLab,110002,220926,113.04,69.94,256,2.53,4.4,2039,True,2022-10-08
398174,BOO398174,Zero to One,O Reilly,110004,282397,123.5,70.47,96,9.51,4.2,2556,True,2020-05-07
388125,ELE388125,Wireless Mouse,VoltEdge,110001,220379,314.94,134.16,305,17.29,3.0,925,True,2022-09-10
334362,BEA334362,Vitamin C Serum,PureSkin,110006,220926,477.65,250.96,405,19.38,4.0,3893,True,2020-04-26
376619,BEA376619,Hyaluronic Acid Moisturiser,PureSkin,110006,228221,98.82,37.3,346,1.29,4.1,879,True,2020-12-23
349941,BEA349941,Deep Conditioning Hair Mask,NaturalBliss,110006,227460,484.28,233.24,197,7.23,2.8,323,True,2022-09-21
383695,AUT383695,Jump Starter Compact,SpeedFit,110009,236434,419.73,170.8,191,14.67,3.2,1313,True,2020-04-26
348689,FOO348689,Raw Honey 500g,NaturEats,110008,210328,327.25,159.12,518,17.67,4.0,2982,True,2021-01-11
314201,BEA314201,Hyaluronic Acid Moisturiser,BeautyHaven,110006,260217,492.32,200.35,509,12.3,3.3,2638,True,2023-06-14
388452,CLO388452,Slim Fit Jeans,NordStyle,110002,212676,111.28,39.99,109,0.73,4.1,3183,True,2023-06-22
330647,GAR330647,Seed Starter Tray Kit,GardenPro,110010,271118,34.2,14.23,72,13.15,4.8,655,True,2019-07-08
361797,BEA361797,Deep Conditioning Hair Mask,DermaCo,110006,286673,494.1,290.67,59,10.63,4.3,2489,True,2020-11-01
303280,AUT303280,Tyre Pressure Gauge Digital,DriveEasy,110009,292349,436.47,222.38,194,11.44,4.9,3401,True,2023-11-27
381205,BEA381205,Rose Water Toner,DermaCo,110006,235382,530.27,212.13,184,6.82,2.9,3629,True,2021-09-06
373584,AUT373584,Seat Back Organiser,CarCare,110009,230021,250.33,135.17,331,10.96,3.4,2081,True,2022-11-06
342992,FOO342992,Premium Basmati Rice 2kg,TasteFirst,110008,230512,437.15,281.91,16,0.23,5.0,1759,True,2019-03-09
379964,SPO379964,Adjustable Ankle Weights,CoreMax,110005,270010,336.0,210.93,158,7.18,2.8,3007,True,2021-02-15
329015,BOO329015,Python Crash Course,Manning,110004,236434,59.67,28.04,222,15.88,2.9,781,True,2021-07-22
384889,ELE384889,Wireless Mouse,VoltEdge,110001,279840,232.01,135.5,342,8.39,4.7,1857,True,2019-02-05
308285,TOY308285,LEGO City Police Station,ToyZone,110007,235382,317.0,141.32,578,13.99,2.9,3218,True,2023-11-23
383283,AUT383283,Tyre Pressure Gauge Digital,AutoPro,110009,212156,261.99,153.5,151,9.57,4.4,3270,True,2022-05-23
360852,AUT360852,Car Air Freshener Pack,AutoPro,110009,204207,458.4,226.58,202,4.0,4.0,2017,True,2021-04-07
391891,TOY391891,Play-Doh Mega Set,JoyBrand,110007,272357,58.3,32.15,433,6.48,4.0,198,True,2020-06-09
339608,BEA339608,Gentle Exfoliating Scrub,DermaCo,110006,246566,375.78,181.18,239,3.2,4.3,702,True,2019-06-19
385097,BOO385097,Domain-Driven Design,Pragmatic Bookshelf,110004,245082,521.9,311.07,14,6.17,3.7,2718,True,2023-07-30
353516,BOO353516,SQL Performance Explained,Wiley,110004,295647,316.33,135.26,494,13.93,4.2,3085,True,2023-06-25
315292,ELE315292,Webcam HD 1080p,PixelWave,110001,220926,40.76,16.72,277,1.43,4.2,2950,True,2019-03-01
318320,SPO318320,Doorframe Pull-Up Bar,ActiveGear,110005,260589,587.97,295.49,101,17.35,3.8,1527,True,2022-11-23
305943,AUT305943,Car Phone Holder Magnetic,DriveEasy,110009,270284,152.19,77.44,341,0.47,4.2,2911,True,2021-01-03
304877,AUT304877,Jump Starter Compact,DriveEasy,110009,229871,377.34,231.54,30,4.59,3.4,3218,True,2019-09-30
339893,TOY339893,Chess and Checkers Set,JoyBrand,110007,260217,524.25,291.46,427,8.59,3.3,2697,True,2020-02-14
364569,BOO364569,The Mom Test,Pragmatic Bookshelf,110004,213238,350.7,194.71,207,13.8,4.7,1107,True,2020-03-26
315220,GAR315220,Kneeling Pad Garden,GardenPro,110010,295647,45.34,23.12,121,14.57,4.4,3391,True,2021-07-31
312739,FOO312739,Raw Honey 500g,GourmetHub,110008,227653,468.56,179.0,189,12.38,4.0,1891,True,2020-12-18
330775,ELE330775,LED Monitor 24in,TechCore,110001,232087,414.43,204.31,514,14.27,3.4,3174,True,2020-03-03
370457,HOM370457,Electric Kettle 1.7L,CookPro,110003,289593,24.17,14.0,15,4.53,4.2,1661,True,2019-07-25
317781,HOM317781,Airtight Container Set,NestWare,110003,292349,520.93,258.89,332,8.61,4.4,3116,True,2022-05-09
350940,GAR350940,Seed Starter Tray Kit,SoilSmart,110010,222431,324.0,175.74,39,9.19,4.7,2012,True,2022-05-14
359459,ELE359459,Laptop Stand Aluminium,CircuitBay,110001,283227,312.09,168.28,50,8.02,3.3,2342,True,2022-08-05
348629,SPO348629,Foldable Treadmill,FitForce,110005,222431,415.51,258.07,474,1.9,3.8,1472,True,2023-08-25
387881,HOM387881,Adjustable Dish Rack,NestWare,110003,238427,197.45,70.58,464,17.66,2.7,2654,True,2020-05-24
397404,CLO397404,Merino Wool Sweater,UrbanThread,110002,287841,425.19,229.7,87,14.56,4.9,1309,True,2022-03-28
391289,ELE391289,Noise-Cancelling Earbuds,PixelWave,110001,295647,547.78,284.65,153,3.66,4.3,3437,True,2022-10-18
370804,SPO370804,Speed Jump Rope,FitForce,110005,209116,539.62,344.35,3,0.34,3.7,4084,True,2019-01-18
354935,GAR354935,Lawn Edger Manual,EarthCraft,110010,212156,134.03,73.43,464,12.06,2.5,2278,True,2023-09-29
376983,BOO376983,Clean Code,Pragmatic Bookshelf,110004,244597,93.2,50.89,37,13.37,4.6,2444,True,2019-09-30
397290,ELE397290,Bluetooth Speaker,CircuitBay,110001,235093,596.26,237.55,291,11.49,3.9,3730,True,2022-01-24
395236,ELE395236,Bluetooth Speaker,NovaTech,110001,242504,197.07,122.04,69,1.39,3.7,999,True,2021-05-02
320253,BEA320253,Deep Conditioning Hair Mask,DermaCo,110006,273000,317.15,177.21,59,19.75,3.7,2352,True,2021-09-10
354379,SPO354379,Adjustable Ankle Weights,CoreMax,110005,249735,597.03,272.34,132,10.44,4.1,4034,True,2020-12-24
385841,SPO385841,Water Bottle 1L Insulated,FitForce,110005,282397,75.32,36.87,120,16.01,5.0,3391,False,2021-12-22
312978,AUT312978,Dashboard Camera 1080p,DriveEasy,110009,213238,386.16,215.09,260,6.08,3.9,50,True,2021-11-01
364139,BEA364139,Lip Balm Gift Set,BeautyHaven,110006,283320,371.51,133.27,179,18.45,3.7,3887,True,2020-02-26
380694,FOO380694,Dark Chocolate Selection,OrganicPure,110008,289593,535.76,273.82,343,18.56,2.6,2452,True,2021-09-07
353492,AUT353492,Windshield Sun Shade,DriveEasy,110009,260217,128.91,71.63,362,5.68,2.6,3073,True,2020-05-30
336666,GAR336666,Seed Starter Tray Kit,NatureWorks,110010,249823,116.48,44.85,315,14.23,3.2,711,True,2021-01-08
304288,BEA304288,Rose Water Toner,NaturalBliss,110006,244597,133.59,58.87,114,15.58,4.8,3635,True,2023-02-08
390476,AUT390476,Microfiber Car Cloth,AutoPro,110009,236434,207.36,102.65,536,2.95,4.7,1087,True,2019-04-24
348566,FOO348566,Premium Basmati Rice 2kg,FineFoods,110008,235093,73.91,32.76,45,17.45,3.3,377,True,2021-08-28
328477,ELE328477,Portable Charger 20000mAh,NovaTech,110001,229871,385.11,159.03,205,10.69,4.4,963,True,2020-05-04
358115,SPO358115,Resistance Bands Set x5,FitForce,110005,247819,575.18,297.88,104,11.03,3.2,2320,True,2020-06-16
358287,CLO358287,Organic Cotton T-Shirt,StitchHouse,110002,232087,535.87,274.46,51,18.08,2.6,3142,True,2022-08-17
330947,TOY330947,RC Racing Car,JoyBrand,110007,213238,535.3,288.44,456,6.71,3.0,643,True,2022-12-17
347537,GAR347537,Kneeling Pad Garden,GreenThumb,110010,213238,488.64,305.84,479,13.72,4.3,3812,True,2020-11-26
313022,HOM313022,Bread Box Stainless,TableTop,110003,259429,158.53,72.77,187,15.8,4.7,3713,True,2019-07-23
389873,FOO389873,Assorted Herbal Tea Box,NaturEats,110008,208675,289.79,174.95,289,11.54,3.8,3323,True,2019-11-29
348147,BEA348147,Deep Conditioning Hair Mask,GlowLab,110006,225203,476.49,242.93,410,12.46,3.9,3951,True,2021-11-24
371364,BOO371364,Database Internals,Wiley,110004,289733,261.52,168.43,580,13.91,2.9,638,True,2023-11-19
384518,FOO384518,Assorted Herbal Tea Box,FineFoods,110008,249615,359.65,160.98,99,6.23,3.5,890,True,2022-03-23
347012,BEA347012,Rose Water Toner,GlowLab,110006,299458,58.86,35.03,594,15.17,4.2,3710,True,2022-04-26
307936,GAR307936,Seed Starter Tray Kit,NatureWorks,110010,230512,121.41,67.32,324,18.38,4.8,2820,True,2023-12-16
352184,ELE352184,Portable Charger 20000mAh,VoltEdge,110001,242504,245.49,95.32,301,19.36,2.5,2942,True,2021-05-26
336160,ELE336160,Mechanical Keyboard,CircuitBay,110001,291988,422.81,197.99,325,7.69,3.9,1420,True,2020-08-07
324878,AUT324878,Car Air Freshener Pack,CarCare,110009,213396,504.77,200.03,128,13.0,2.9,3987,True,2020-02-26
316011,CLO316011,Leather Belt,WearLab,110002,270010,516.78,319.41,435,10.24,3.9,3686,True,2020-12-02
359600,HOM359600,Adjustable Dish Rack,TableTop,110003,286673,9.41,4.7,242,8.28,3.9,3006,False,2019-04-28
312015,GAR312015,Lawn Edger Manual,GardenPro,110010,273000,72.32,35.76,81,19.67,5.0,2289,True,2019-09-01
386870,AUT386870,Emergency Roadside Kit,DriveEasy,110009,289733,150.9,81.37,79,15.98,3.3,432,True,2023-07-21
327801,ELE327801,Smart Watch Series 5,CircuitBay,110001,210458,310.02,152.15,339,5.86,2.6,2490,True,2023-10-18
384109,SPO384109,Yoga Mat 6mm,ZenFit,110005,274341,348.98,182.12,298,0.64,3.7,1038,True,2021-05-13
383819,SPO383819,Speed Jump Rope,CoreMax,110005,208675,172.17,104.57,14,3.57,4.0,1238,True,2022-02-22
378269,HOM378269,Ceramic Mug Set x4,CookPro,110003,212156,293.52,173.12,33,19.35,4.0,1262,True,2022-07-06
302799,TOY302799,Monopoly Classic,KidsCraft,110007,247819,436.96,174.86,591,1.18,3.2,950,True,2022-12-12
306629,TOY306629,Scrabble Deluxe,ToyZone,110007,287841,288.37,182.96,545,9.54,2.9,3561,False,2022-10-26
343713,TOY343713,Play-Doh Mega Set,JoyBrand,110007,279840,411.3,149.02,544,12.25,4.1,2233,True,2021-04-09
331925,CLO331925,Organic Cotton T-Shirt,StitchHouse,110002,252581,237.73,138.35,247,15.43,3.8,1473,True,2019-02-02
316505,ELE316505,RGB Desk Lamp,TechCore,110001,247819,12.11,4.59,106,4.47,3.2,1581,False,2019-10-13
374000,ELE374000,Portable Charger 20000mAh,PixelWave,110001,208675,570.53,308.9,122,2.69,4.1,1513,True,2020-07-26
326896,SPO326896,Running Belt Waterproof,ZenFit,110005,229871,397.97,148.33,464,15.41,4.2,2649,True,2019-08-18
308992,SPO308992,Yoga Mat 6mm,ZenFit,110005,206006,236.2,153.24,264,3.64,2.7,1643,True,2020-07-08
372641,FOO372641,Assorted Herbal Tea Box,GourmetHub,110008,206006,326.67,156.6,108,2.16,2.7,2052,True,2019-02-28
327152,FOO327152,Dark Chocolate Selection,TasteFirst,110008,259429,560.06,307.69,272,18.1,3.9,4019,True,2022-06-08
376858,CLO376858,Classic Polo Shirt,NordStyle,110002,228785,6.96,4.43,493,18.71,3.4,2480,True,2019-10-09
328305,BEA328305,Deep Conditioning Hair Mask,NaturalBliss,110006,249615,52.86,25.79,296,11.13,4.9,1564,True,2022-04-27
330539,CLO330539,Denim Shorts,ClothCraft,110002,205695,294.46,181.26,448,0.81,2.6,1953,True,2019-07-15
343064,AUT343064,Jump Starter Compact,RoadMate,110009,291506,322.68,193.7,460,0.84,2.6,350,True,2020-10-19
319340,AUT319340,OBD2 Scanner Bluetooth,SpeedFit,110009,295647,93.62,49.04,73,9.83,2.5,375,True,2020-02-10
378116,ELE378116,USB-C Hub,TechCore,110001,216361,543.26,323.9,99,16.72,2.7,871,True,2020-11-16
300371,CLO300371,Compression Socks,NordStyle,110002,204207,258.59,153.46,411,10.96,3.3,1746,True,2020-06-22
336342,BEA336342,Hyaluronic Acid Moisturiser,GlowLab,110006,242504,167.96,96.96,172,3.38,3.1,333,True,2022-03-14
318964,HOM318964,French Press 1L,NestWare,110003,252581,53.02,18.67,91,17.75,3.5,3899,True,2020-10-02
317038,HOM317038,Vacuum Food Storage Set,KitchenArt,110003,244597,316.23,149.77,178,11.97,4.3,721,True,2021-07-24
370807,BEA370807,Lip Balm Gift Set,GlowLab,110006,274341,336.83,137.28,542,7.3,4.4,4157,True,2020-10-08
332853,SPO332853,Yoga Mat 6mm,ActiveGear,110005,270284,72.03,28.43,485,13.44,2.6,2983,True,2022-09-12
322871,SPO322871,High-Density Foam Roller,CoreMax,110005,220379,484.06,279.56,44,18.5,2.9,238,True,2019-12-27
314408,CLO314408,Canvas Sneakers,NordStyle,110002,236434,434.22,229.19,333,4.68,2.8,1865,True,2022-07-05
386646,BOO386646,Atomic Habits,Pragmatic Bookshelf,110004,295647,48.74,25.61,55,4.4,4.0,1458,True,2020-02-28
303379,FOO303379,Italian Extra Virgin Olive Oil 750ml,NaturEats,110008,230021,585.45,240.42,130,1.29,2.8,3813,True,2020-06-15
317275,BEA317275,Retinol Eye Cream,NaturalBliss,110006,242504,364.15,213.71,174,17.11,2.7,4007,True,2020-11-03
301947,GAR301947,Lawn Edger Manual,NatureWorks,110010,279840,171.1,97.36,252,11.63,4.7,1220,True,2019-01-16
346955,TOY346955,LEGO City Police Station,PlayWorld,110007,273000,594.8,339.06,516,7.95,4.5,802,True,2021-01-17
331186,CLO331186,Classic Polo Shirt,UrbanThread,110002,210458,417.42,197.02,223,4.86,5.0,130,True,2021-08-05
377182,HOM377182,Digital Kitchen Scale,NestWare,110003,295568,515.45,295.96,24,15.46,4.7,3320,True,2022-02-24
342437,FOO342437,Organic Arabica Coffee 500g,TasteFirst,110008,209358,233.99,130.39,543,15.08,4.2,1696,True,2019-09-09
302068,GAR302068,Compost Bin 300L,GreenThumb,110010,245082,311.26,193.92,372,7.72,3.7,334,True,2020-06-28
322838,AUT322838,Tyre Pressure Gauge Digital,SpeedFit,110009,245082,427.05,175.69,342,13.02,4.3,1718,True,2020-12-01
334782,BEA334782,SPF 50 Sunscreen,NaturalBliss,110006,247819,304.61,145.26,55,9.1,3.8,1005,True,2023-07-11
306868,AUT306868,Jump Starter Compact,RoadMate,110009,270010,374.46,220.92,67,1.84,3.5,1464,True,2019-08-28
316614,CLO316614,Leather Belt,ClothCraft,110002,290198,71.64,28.25,154,19.05,2.6,3412,True,2023-08-10
397218,HOM397218,Large Salad Bowl,KitchenArt,110003,244118,254.97,145.67,21,0.54,4.5,2751,True,2021-12-01
355176,BEA355176,Rose Water Toner,BeautyHaven,110006,230512,401.17,204.22,561,11.39,4.7,2510,True,2021-03-18
368955,BOO368955,Thinking Fast and Slow,Manning,110004,237930,582.57,338.43,48,9.17,2.9,1317,True,2021-06-05
314896,HOM314896,Cast Iron Skillet 26cm,CookPro,110003,283227,100.94,38.87,324,5.28,3.0,284,True,2021-12-04
397735,HOM397735,Non-Stick Frying Pan,NestWare,110003,255392,326.21,130.09,308,8.15,3.7,1190,True,2021-09-21
308330,HOM308330,French Press 1L,TableTop,110003,210458,585.47,263.1,302,19.4,4.4,1204,True,2022-10-05
362422,BEA362422,Hyaluronic Acid Moisturiser,DermaCo,110006,255392,540.59,211.82,564,8.09,4.6,3653,True,2021-10-10
358756,ELE358756,Portable Charger 20000mAh,PixelWave,110001,212156,352.13,146.71,284,10.81,3.6,715,True,2022-05-10
347453,BOO347453,Thinking Fast and Slow,Manning,110004,248520,363.88,183.2,57,8.01,4.3,3503,True,2022-03-04
367271,ELE367271,Webcam HD 1080p,NovaTech,110001,283227,214.05,137.69,574,14.86,3.5,3624,True,2022-08-09
377812,TOY377812,RC Racing Car,JoyBrand,110007,273000,360.76,141.81,310,19.73,2.7,3078,True,2022-06-26
314293,SPO314293,Doorframe Pull-Up Bar,ActiveGear,110005,227460,335.7,189.02,140,5.86,3.7,2473,True,2021-08-02
359245,FOO359245,Spanish Smoked Paprika,OrganicPure,110008,232087,138.58,81.4,157,2.57,4.2,2356,True,2023-03-09
366039,BOO366039,Clean Code,O Reilly,110004,248520,460.0,229.04,68,11.66,3.9,2112,True,2023-01-19
329038,CLO329038,Down Puffer Jacket,StitchHouse,110002,228221,441.1,156.71,265,3.01,3.7,1109,True,2019-06-14
380623,SPO380623,High-Density Foam Roller,ZenFit,110005,273000,383.56,244.15,49,12.82,2.7,1587,True,2020-07-23
305683,CLO305683,Waterproof Hiking Boots,NordStyle,110002,248520,328.5,200.95,308,2.01,4.0,1177,False,2023-05-29
395321,SPO395321,High-Density Foam Roller,ZenFit,110005,260217,250.13,156.65,166,10.12,4.6,933,True,2019-08-26
386363,CLO386363,Linen Shirt,NordStyle,110002,205695,554.42,273.8,319,16.36,4.7,2802,True,2021-08-04
368347,ELE368347,Wireless Mouse,TechCore,110001,213238,137.29,83.34,145,2.59,2.8,643,True,2019-12-14
339535,CLO339535,Slim Fit Jeans,WearLab,110002,283886,455.6,165.27,110,11.9,3.7,2072,False,2021-07-26
360036,ELE360036,Noise-Cancelling Earbuds,TechCore,110001,238427,470.5,294.55,210,3.78,3.4,743,True,2021-05-11
384323,GAR384323,Compost Bin 300L,GardenPro,110010,244118,100.52,50.28,247,2.07,3.9,114,True,2020-08-18
304082,SPO304082,Speed Jump Rope,CoreMax,110005,232087,7.57,4.3,219,7.39,4.0,3601,True,2019-11-30
307972,HOM307972,Bread Box Stainless,KitchenArt,110003,245082,588.86,281.02,526,15.25,3.3,3816,True,2020-02-27
362781,FOO362781,Truffle Salt 100g,NaturEats,110008,287841,336.48,121.87,335,5.74,4.0,2555,True,2022-10-11
352640,BOO352640,The Phoenix Project,Pearson,110004,232087,177.89,107.91,193,18.79,3.4,104,True,2023-03-08
355872,CLO355872,Chino Trousers,WearLab,110002,291988,315.97,174.72,122,13.93,4.9,1382,True,2020-09-10
389928,BEA389928,Retinol Eye Cream,BeautyHaven,110006,249735,507.19,239.03,238,5.64,4.3,2236,True,2022-05-28
314150,BEA314150,Rose Water Toner,BeautyHaven,110006,270010,570.32,368.57,523,2.25,3.1,4073,True,2020-02-23
364260,ELE364260,Bluetooth Speaker,TechCore,110001,227460,499.03,249.24,27,12.13,3.3,2480,True,2019-10-27
393375,CLO393375,Denim Shorts,StitchHouse,110002,249735,461.7,271.4,206,9.86,3.2,2814,True,2023-08-07
358138,AUT358138,Car Phone Holder Magnetic,DriveEasy,110009,249823,594.46,365.02,121,17.07,3.6,294,False,2023-09-26
309632,SPO309632,Speed Jump Rope,ZenFit,110005,245082,261.25,115.93,398,11.42,3.7,3848,True,2020-04-30
310589,AUT310589,Car Phone Holder Magnetic,RoadMate,110009,221319,161.71,85.27,386,15.35,3.2,503,False,2019-05-21
342219,HOM342219,Bread Box Stainless,KitchenArt,110003,283320,212.57,121.72,27,7.67,3.6,2927,True,2019-06-25
379730,BOO379730,SQL Performance Explained,Pragmatic Bookshelf,110004,245082,390.6,206.14,67,6.82,2.5,2671,False,2022-08-05
319442,GAR319442,Watering Can 8L,NatureWorks,110010,227460,163.63,91.43,22,11.45,3.3,800,True,2019-11-07
308609,BOO308609,Deep Work,Pearson,110004,230512,304.14,176.24,347,7.33,3.6,4071,True,2019-08-23
316540,AUT316540,Dashboard Camera 1080p,CarCare,110009,247400,162.76,71.48,587,12.53,4.9,776,True,2021-04-29
336046,CLO336046,Waterproof Hiking Boots,StitchHouse,110002,230512,287.77,118.83,78,10.14,3.2,2566,True,2022-06-03
381830,SPO381830,Foldable Treadmill,CoreMax,110005,290198,274.66,159.04,184,17.27,3.9,1744,True,2022-12-22
382978,SPO382978,Adjustable Ankle Weights,CoreMax,110005,228221,512.39,318.73,579,10.49,3.4,1210,True,2021-07-21
376724,TOY376724,Nerf Elite Blaster,ToyZone,110007,286673,516.8,322.14,208,16.49,4.1,2100,True,2021-01-03
371874,TOY371874,Monopoly Classic,PlayWorld,110007,207331,94.22,33.76,317,19.83,3.6,303,True,2021-04-27
393343,HOM393343,French Press 1L,KitchenArt,110003,236421,474.84,205.76,563,19.28,3.7,163,True,2019-09-18
342622,BEA342622,Gentle Exfoliating Scrub,NaturalBliss,110006,249797,520.96,323.09,416,8.0,4.6,1151,True,2023-11-09
349925,AUT349925,Tyre Pressure Gauge Digital,SpeedFit,110009,249797,400.2,209.76,537,4.84,2.8,2567,True,2023-12-21
378301,TOY378301,Monopoly Classic,KidsCraft,110007,283227,134.7,51.46,219,8.23,4.7,458,True,2022-03-10
369541,CLO369541,Down Puffer Jacket,StitchHouse,110002,295647,257.14,142.67,284,7.32,4.3,2524,False,2019-04-19
338652,ELE338652,Wireless Mouse,PixelWave,110001,279131,155.51,72.38,371,10.74,3.1,3624,True,2022-05-05
359469,SPO359469,Running Belt Waterproof,FitForce,110005,270284,562.1,324.33,304,18.33,4.1,3328,True,2021-05-01
366263,CLO366263,Linen Shirt,WearLab,110002,212676,285.29,135.2,340,16.51,4.2,4147,True,2022-07-31
379354,GAR379354,Watering Can 8L,GardenPro,110010,210328,274.68,98.39,53,12.64,4.5,1114,False,2020-09-13
356387,SPO356387,High-Density Foam Roller,CoreMax,110005,234671,53.92,21.42,528,16.95,4.2,2616,True,2020-02-19
312999,SPO312999,Speed Jump Rope,CoreMax,110005,246566,496.92,293.11,203,3.72,4.7,1838,False,2019-03-13
391983,AUT391983,Emergency Roadside Kit,AutoPro,110009,216361,544.56,349.74,203,1.09,4.0,2131,True,2022-02-17
314996,HOM314996,High-Speed Blender,HomeEssentials,110003,249735,13.39,6.8,464,2.46,4.3,1560,True,2021-04-07
385814,SPO385814,Gym Gloves Padded,ZenFit,110005,237930,82.46,50.05,220,14.56,3.0,1477,True,2020-03-29
385316,ELE385316,Webcam HD 1080p,NovaTech,110001,270010,145.1,70.42,254,1.81,3.7,2648,True,2022-05-20
372264,BOO372264,Zero to One,Pearson,110004,207331,426.52,243.47,262,1.27,3.3,1923,True,2022-01-05
394481,GAR394481,Seed Starter Tray Kit,GreenThumb,110010,234993,8.18,4.1,390,13.46,2.8,336,True,2021-03-19
328183,HOM328183,Rotating Spice Rack,NestWare,110003,273000,558.53,342.59,135,8.72,3.2,2566,False,2020-02-02
356370,FOO356370,Raw Honey 500g,NaturEats,110008,206006,556.1,241.84,269,10.39,3.6,1351,True,2023-03-07
359186,HOM359186,Rotating Spice Rack,NestWare,110003,232087,36.66,14.47,235,5.28,4.3,3575,True,2023-03-18
329949,ELE329949,Smart Watch Series 5,NovaTech,110001,295647,593.34,307.5,468,2.56,2.7,2327,True,2020-06-06
354239,AUT354239,Jump Starter Compact,SpeedFit,110009,299458,535.07,281.29,597,10.57,3.9,3411,True,2021-02-03
344424,FOO344424,Assorted Herbal Tea Box,NaturEats,110008,252581,20.44,11.33,124,18.59,2.8,2650,True,2019-09-09
359441,FOO359441,Dried Mixed Nuts 500g,OrganicPure,110008,236421,378.86,163.21,5,13.16,4.9,2661,True,2023-11-04
352262,HOM352262,Electric Kettle 1.7L,HomeEssentials,110003,242504,481.92,209.58,56,19.04,3.5,3267,True,2021-01-15
354524,TOY354524,Wooden Puzzle 1000pcs,PlayWorld,110007,260217,512.14,204.28,412,2.5,3.7,3541,True,2021-08-21
395631,GAR395631,Kneeling Pad Garden,GardenPro,110010,222431,400.97,240.43,524,17.72,3.7,3465,True,2022-08-05
312463,BEA312463,Gentle Exfoliating Scrub,PureSkin,110006,295568,263.28,125.8,41,13.56,4.1,1270,True,2023-06-27
340966,AUT340966,Tyre Pressure Gauge Digital,CarCare,110009,234671,283.58,105.99,489,13.72,3.3,2036,True,2021-07-07
355936,GAR355936,Stainless Steel Trowel Set,SoilSmart,110010,289593,50.53,18.37,110,1.98,4.2,2075,True,2023-12-25
340963,CLO340963,Compression Socks,StitchHouse,110002,210328,14.67,8.39,473,16.87,2.6,3409,True,2021-07-13
387177,BEA387177,Gentle Exfoliating Scrub,DermaCo,110006,210328,455.62,220.97,271,4.3,2.7,2124,True,2019-11-27
333408,TOY333408,Chess and Checkers Set,PlayWorld,110007,270010,8.47,3.26,175,13.87,4.7,3987,True,2022-01-25
349060,TOY349060,Rubiks Cube 3x3,PlayWorld,110007,272357,79.42,28.13,114,17.19,3.0,1189,True,2022-09-15
320006,AUT320006,Dashboard Camera 1080p,DriveEasy,110009,245082,184.04,90.0,485,3.41,2.9,3647,True,2023-01-04
390023,ELE390023,RGB Desk Lamp,CircuitBay,110001,234993,353.2,144.95,583,1.11,2.5,3537,True,2023-03-21
362163,GAR362163,Seed Starter Tray Kit,SoilSmart,110010,252581,599.41,216.45,409,14.52,4.8,3996,True,2019-07-08
308799,AUT308799,Car Phone Holder Magnetic,RoadMate,110009,284939,347.95,179.53,274,17.79,2.8,2840,True,2022-09-17
311957,ELE311957,USB-C Hub,NovaTech,110001,247400,437.08,214.51,448,11.79,4.2,3837,True,2021-06-30
311188,TOY311188,Nerf Elite Blaster,ToyZone,110007,237930,478.59,282.33,165,13.84,2.7,3955,True,2020-09-11
312219,HOM312219,High-Speed Blender,NestWare,110003,282397,65.03,30.88,505,11.18,5.0,2939,True,2022-01-14
356606,HOM356606,Cast Iron Skillet 26cm,TableTop,110003,275674,24.01,8.86,440,2.5,3.1,2112,True,2022-01-08
312656,ELE312656,Noise-Cancelling Earbuds,VoltEdge,110001,247052,164.15,64.9,527,14.16,4.8,3586,True,2019-12-11
397594,CLO397594,Compression Socks,StitchHouse,110002,236421,367.74,223.41,104,10.2,2.9,967,True,2022-01-28
396835,HOM396835,Digital Kitchen Scale,KitchenArt,110003,212676,426.35,246.68,510,3.17,3.4,1128,True,2020-09-19
348843,FOO348843,Premium Basmati Rice 2kg,TasteFirst,110008,216361,150.95,89.47,349,1.8,3.4,3399,True,2021-02-01
317054,HOM317054,Silicone Spatula Set,TableTop,110003,289593,255.91,107.09,439,17.97,4.9,2963,True,2022-10-07
372924,HOM372924,Silicone Spatula Set,HomeEssentials,110003,249823,431.98,218.24,71,8.09,4.4,3555,True,2019-04-26
307861,HOM307861,Airtight Container Set,TableTop,110003,284939,39.39,21.25,532,8.1,4.2,2493,True,2021-09-01
376869,BEA376869,Vitamin C Serum,NaturalBliss,110006,222431,540.61,288.21,150,12.91,4.7,3622,True,2022-06-10
373608,BOO373608,Staff Engineer,Manning,110004,234671,55.14,28.19,399,10.46,3.9,1750,True,2023-09-11
373620,SPO373620,Adjustable Ankle Weights,PulseSport,110005,289733,455.43,181.26,28,11.89,3.1,2489,True,2023-04-19
343207,CLO343207,Fleece Hoodie,UrbanThread,110002,220379,505.73,216.42,519,15.16,4.9,3676,True,2019-01-17
387819,FOO387819,Truffle Salt 100g,GourmetHub,110008,228785,484.2,313.13,579,16.91,3.1,2451,True,2023-11-15
316021,HOM316021,Digital Kitchen Scale,NestWare,110003,272357,314.19,133.31,335,16.47,3.4,802,True,2022-08-15
